﻿{"cameraMode":{"drawMode":0,"name":"Shaded","section":"Shading Mode"},"sceneLighting":true,"audioPlay":false,"sceneViewState":{"showFog":true,"showMaterialUpdate":false,"showSkybox":true,"showFlares":true,"showImageEffects":true,"showParticleSystems":true},"in2DMode":false,"pivot":{"x":-2.5300257205963136,"y":0.6601523160934448,"z":-10.547063827514649},"rotation":{"x":-0.36571216583251955,"y":0.0013963038800284267,"z":-0.0005486620357260108,"w":-0.9307268261909485},"size":33.496307373046878,"orthographic":false}