﻿{"cameraMode":{"drawMode":0,"name":"Shaded","section":"Shading Mode"},"sceneLighting":true,"audioPlay":false,"sceneViewState":{"showFog":true,"showMaterialUpdate":false,"showSkybox":true,"showFlares":true,"showImageEffects":true,"showParticleSystems":true},"in2DMode":false,"pivot":{"x":0.815641462802887,"y":66.57418060302735,"z":3.7626988887786867},"rotation":{"x":-0.7238719463348389,"y":-4.789482144218482e-10,"z":-2.021766976056938e-9,"w":-0.6899343729019165},"size":7.743933200836182,"orthographic":false}